VTBB,,,
VORDME,200718N,1000718E,ABTOG
VORDME,061818N,1021744E,ABTOK
VORDME,172022N,1023650E,ADBUD
VORDME,164155N,0983232E,ADGIS
VORDME,091810N,0993106E,ADLAL
VORDME,190610N,0991320E,ADLUS
VORDME,123010N,1011135E,ADMEL
VORDME,191911N,0975443E,ADMOX
VORDME,194328N,1000156E,ADNAR
VORDME,080343N,1010318E,ADNEP
VORDME,195052N,0995748E,ADNES
VORDME,172645N,1025608E,ADNOL
VORDME,190609N,0975937E,ADPEN
VORDME,183946N,1010555E,ADPIP
VORDME,132419N,1022139E,AGEDO
VORDME,162806N,1025545E,AGIMI
VORDME,155106N,1035111E,AGIRO
VORDME,133716N,0991019E,AKATO
VORDME,163328N,1025023E,AKBEM
VORDME,164016N,1030856E,AKRET
VORDME,172113N,1025119E,AKTEN
VORDME,172732N,0994060E,AKTIK
VORDME,081307N,0991018E,AKVOK
VORDME,090349N,0992219E,AKVUG
VORDME,083228N,1001043E,ALBAR
VORDME,144442N,1010142E,ALBOS
VORDME,172348N,1030209E,ALDES
VORDME,070722N,1000817E,ALDUG
VORDME,123626N,1012560E,ALEMI
VORDME,165260N,1024655E,ALGIT
VORDME,104554N,1015123E,ALUMO
VORDME,084148N,0994360E,ALWEZ
VORDME,064626N,1005848E,AMPIO
VORDME,183635N,1011248E,ANBOK
VORDME,102137N,1011908E,ANBUX
VORDME,090441N,0983545E,ANDAX
VORDME,110349N,0994123E,ANDET
VORDME,081345N,0983542E,ANFIL
VORDME,063709N,1013207E,ANGEL
VORDME,154049N,1033057E,ANKID
VORDME,135260N,1012742E,ANKOS
VORDME,163835N,0985303E,ANKUT
VORDME,171336N,1025608E,ANNOP
VORDME,110323N,1021442E,ANOBO
VORDME,085116N,0973720E,ANPAN
VORDME,164314N,0984931E,ANPOX
VORDME,075141N,0975216E,ANPUB
VORDME,165760N,1024651E,ANPUS
VORDME,135212N,1021838E,ANREN
VORDME,184449N,0985024E,ANSAB
VORDME,164238N,0984157E,ANSEV
VORDME,191241N,1002801E,ANUGU
VORDME,090147N,1002814E,APOBI
VORDME,110007N,0994307E,APRIL
VORDME,100057N,1002007E,APUSA
VORDME,151259N,1043735E,ARARE
VORDME,184812N,0990544E,ARMOO
VORDME,132260N,1001920E,ARMUS
VORDME,095237N,0983501E,ARNAN
VORDME,141122N,1003952E,AROKA
VORDME,150618N,1022115E,ARTIE
VORDME,182326N,0992958E,ASAVI
VORDME,120306N,1003905E,ASEKU
VORDME,183450N,1004136E,ASUBI
VORDME,161322N,1040027E,ATKER
VORDME,171107N,1023349E,ATMOB
VORDME,070705N,1002346E,ATMOT
VORDME,092028N,1000457E,ATNES
VORDME,171800N,1014820E,ATNIG
VORDME,155609N,1033124E,ATNOD
VORDME,183540N,0992439E,ATNUT
VORDME,170214N,0994133E,ATPAT
VORDME,162837N,1024726E,ATPEM
VORDME,152919N,1001803E,ATRIL
VORDME,103802N,1022258E,ATVUT
VORDME,151804N,1050602E,BAMBO
VORDME,131753N,1004034E,BAMBU
VORDME,173810N,1001243E,BAMEE
VORDME,075242N,0980408E,BANLY
VORDME,170957N,1024656E,BARBY
VORDME,172245N,1011219E,BARCE
VORDME,142218N,1001131E,BAROK
VORDME,080809N,0983327E,BARON
VORDME,183035N,0994247E,BARTO
VORDME,064333N,1013922E,BASHO
VORDME,091741N,0992414E,BAVOR
VORDME,133324N,1002619E,BAXUS
VORDME,135819N,1010651E,BD033
VORDME,140848N,1004410E,BD101
VORDME,140338N,1004646E,BD102
VORDME,140810N,1003818E,BD103
VORDME,140423N,1004141E,BD104
VORDME,135959N,1003913E,BD105
VORDME,135535N,1003645E,BD106
VORDME,135256N,1003516E,BD107
VORDME,140841N,1004421E,BD108
VORDME,140803N,1003829E,BD109
VORDME,140326N,1004657E,BD110
VORDME,140435N,1004148E,BD111
VORDME,140719N,1002914E,BD112
VORDME,141304N,1002624E,BD113
VORDME,142407N,1003614E,BD114
VORDME,142818N,1010319E,BD115
VORDME,134502N,1001515E,BD116
VORDME,131920N,1001943E,BD117
VORDME,131255N,1001941E,BD118
VORDME,132419N,1003342E,BD119
VORDME,132104N,1005157E,BD120
VORDME,135108N,1002902E,BD177
VORDME,135144N,1003435E,BD188
VORDME,135146N,1003451E,BD199
VORDME,135026N,1002856E,BD201
VORDME,134650N,1002503E,BD202
VORDME,133815N,1002552E,BD203
VORDME,134009N,1005756E,BD204
VORDME,135405N,1011550E,BD205
VORDME,135440N,1000051E,BD206
VORDME,140904N,1001832E,BD207
VORDME,143235N,1002159E,BD208
VORDME,143857N,1004251E,BD209
VORDME,142143N,1004107E,BD263
VORDME,135055N,1003408E,BD310
VORDME,135535N,1003645E,BD311
VORDME,140136N,1003352E,BD312
VORDME,135104N,1003428E,BD320
VORDME,140216N,1004044E,BD321
VORDME,140801N,1003728E,BD322
VORDME,140756N,1003044E,BD323
VORDME,140131N,1002708E,BD324
VORDME,135305N,1002225E,BD325
VORDME,132151N,1010112E,BEATS
VORDME,081148N,0995533E,BEBAR
VORDME,152724N,1031613E,BEDAB
VORDME,172413N,1035755E,BEERA
VORDME,161820N,1033939E,BEGNA
VORDME,171538N,1024636E,BEGOL
VORDME,162117N,0994636E,BEKOD
VORDME,080258N,0991440E,BELMI
VORDME,075207N,0990126E,BENJA
VORDME,102631N,1022630E,BENSA
VORDME,084531N,0995058E,BENSY
VORDME,192707N,0995741E,BENVI
VORDME,155558N,1034556E,BEPSI
VORDME,131350N,1015620E,BERLU
VORDME,150553N,0981231E,BETNO
VORDME,092206N,0991206E,BEVLA
VORDME,173908N,1024030E,BIGDI
VORDME,175640N,0993153E,BIGGY
VORDME,075336N,0991056E,BILEY
VORDME,161330N,1024560E,BILIL
VORDME,155355N,1033838E,BIMON
VORDME,164753N,0985337E,BINIX
VORDME,082659N,0992029E,BITEN
VORDME,173044N,1024759E,BIXAG
VORDME,140105N,1002258E,BLUES
VORDME,150907N,1022721E,BLUVY
VORDME,145649N,1023123E,BOANA
VORDME,154853N,1032127E,BODUR
VORDME,125736N,1022947E,BOKAK
VORDME,190434N,0982225E,BOKIB
VORDME,172305N,0980549E,BOMAS
VORDME,064855N,1004109E,BOMRI
VORDME,134343N,1003511E,BONDU
VORDME,134410N,0994607E,BONVO
VORDME,065118N,1004807E,BOODU
VORDME,162314N,1024350E,BOPLA
VORDME,175826N,1030052E,BOPNU
VORDME,162057N,0994139E,BORNO
VORDME,173359N,1025727E,BOTMU
VORDME,170740N,1014935E,BOVGO
VORDME,164842N,0994542E,BOWLY
VORDME,084208N,0994331E,BOYUN
VORDME,140757N,1003521E,BRENT
VORDME,135146N,1001924E,BROWN
VORDME,134704N,1005751E,BS101
VORDME,134128N,1010603E,BS102
VORDME,131910N,1005948E,BS103
VORDME,135650N,1004912E,BS104
VORDME,141814N,1005446E,BS105
VORDME,142726N,1005711E,BS106
VORDME,142219N,1003910E,BS107
VORDME,140358N,1004153E,BS108
VORDME,140533N,1003128E,BS117
VORDME,140711N,1002042E,BS118
VORDME,133351N,1004845E,BS401
VORDME,134230N,1003923E,BS402
VORDME,133202N,1005542E,BS403
VORDME,135525N,1004248E,BS404
VORDME,132505N,1005348E,BS405
VORDME,140627N,1004543E,BS406
VORDME,135921N,1005545E,BS407
VORDME,141355N,1004454E,BS408
VORDME,133420N,1004231E,BS480
VORDME,133421N,1004231E,BS488
VORDME,133327N,1004333E,BS490
VORDME,133530N,1004405E,BS491
VORDME,134229N,1004555E,BS492
VORDME,133533N,1004406E,BS497
VORDME,133328N,1004333E,BS499
VORDME,135450N,1005430E,BS501
VORDME,135744N,1004325E,BS502
VORDME,135002N,1005311E,BS503
VORDME,135933N,1003628E,BS504
VORDME,134813N,1010008E,BS505
VORDME,140422N,1003744E,BS506
VORDME,135301N,1010127E,BS507
VORDME,141501N,1004032E,BS508
VORDME,142006N,1002021E,BS510
VORDME,143437N,1004058E,BS512
VORDME,134810N,1004609E,BS580
VORDME,133932N,1004353E,BS581
VORDME,134809N,1004609E,BS588
VORDME,134727N,1004713E,BS590
VORDME,133855N,1004459E,BS591
VORDME,134726N,1004713E,BS599
VORDME,133040N,1004753E,BS901
VORDME,133101N,1005351E,BS902
VORDME,132848N,1004215E,BS903
VORDME,131608N,1004511E,BS904
VORDME,131455N,1004045E,BS905
VORDME,133114N,1004004E,BS907
VORDME,132534N,1003023E,BS908
VORDME,133240N,1003417E,BS909
VORDME,134136N,1003431E,BS910
VORDME,134923N,1003443E,BS911
VORDME,134605N,1004243E,BS912
VORDME,141908N,1005118E,BS914
VORDME,133114N,1011233E,BS915
VORDME,122845N,1010314E,BU036
VORDME,124143N,1010023E,BU181
VORDME,124644N,1010047E,BU182
VORDME,170933N,1025849E,BUGDU
VORDME,183420N,0992016E,BUNDY
VORDME,180544N,0994606E,BUNMA
VORDME,074741N,0990446E,BURSO
VORDME,123411N,1005945E,BUSNO
VORDME,152506N,1053546E,BUTRA
VORDME,114342N,0994540E,BUXEL
VORDME,083560N,0995159E,BUZKE
VORDME,164619N,1024704E,CARAT
VORDME,145201N,1022220E,CAROY
VORDME,185152N,0985954E,CC004
VORDME,184651N,0985755E,CC009
VORDME,185356N,0985952E,CC082
VORDME,185745N,0990054E,CC083
VORDME,181923N,0991547E,CC101
VORDME,182432N,0991738E,CC102
VORDME,183125N,0991614E,CC103
VORDME,183409N,0985746E,CC104
VORDME,183910N,0985746E,CC105
VORDME,184411N,0985746E,CC106
VORDME,184705N,0990509E,CC111
VORDME,184704N,0991114E,CC112
VORDME,184702N,0991920E,CC113
VORDME,183203N,0992819E,CC114
VORDME,182420N,0991944E,CC115
VORDME,181819N,0991734E,CC116
VORDME,181218N,0990916E,CC117
VORDME,184652N,0985747E,CC180
VORDME,185412N,0985748E,CC181
VORDME,185153N,0985747E,CC201
VORDME,185810N,0985748E,CC202
VORDME,185809N,0990511E,CC203
VORDME,185152N,0990510E,CC204
VORDME,184003N,0990508E,CC205
VORDME,183307N,0990507E,CC206
VORDME,184001N,0991432E,CC207
VORDME,184400N,0992741E,CC208
VORDME,183105N,0991525E,CC209
VORDME,182920N,0991451E,CC210
VORDME,181653N,0985548E,CC211
VORDME,185809N,0984612E,CC212
VORDME,190234N,0984709E,CC213
VORDME,190326N,0990800E,CC214
VORDME,184323N,0985746E,CC361
VORDME,183803N,0985745E,CC362
VORDME,184323N,0985741E,CC363
VORDME,183802N,0985742E,CC364
VORDME,183149N,0992213E,CC501
VORDME,182943N,0992059E,CC502
VORDME,182602N,0991529E,CC503
VORDME,182539N,0991133E,CC504
VORDME,182553N,0991004E,CC505
VORDME,182730N,0990620E,CC506
VORDME,182747N,0990557E,CC507
VORDME,185703N,0991957E,CC511
VORDME,184707N,0992717E,CC512
VORDME,184707N,0991955E,CC513
VORDME,184123N,0990508E,CC514
VORDME,184122N,0991231E,CC515
VORDME,184010N,0985746E,CC601
VORDME,183308N,0985744E,CC602
VORDME,183007N,0985744E,CC603
VORDME,181741N,0985317E,CC604
VORDME,183808N,0990508E,CC612
VORDME,184510N,0990509E,CC613
VORDME,185540N,0990511E,CC614
VORDME,190031N,0990857E,CC615
VORDME,185929N,0985525E,CC616
VORDME,185633N,0985440E,CC617
VORDME,184009N,0990508E,CC621
VORDME,184007N,0991230E,CC622
VORDME,184005N,0991953E,CC623
VORDME,184010N,0985235E,CC631
VORDME,185131N,0984713E,CC632
VORDME,185446N,0984105E,CC633
VORDME,185737N,0984420E,CC634
VORDME,083227N,1001240E,CENLO
VORDME,124902N,1000736E,CHANG
VORDME,081456N,1000138E,CHARY
VORDME,152104N,1043902E,CHETA
VORDME,082151N,0995534E,CHIKA
VORDME,171343N,1043518E,CHUCA
VORDME,081409N,0983253E,CIDER
VORDME,144738N,1021617E,CIEGO
VORDME,183932N,1004328E,CN001
VORDME,184515N,1004543E,CN002
VORDME,184801N,1004649E,CN004
VORDME,184510N,1004538E,CN101
VORDME,183425N,1005660E,CN102
VORDME,184000N,1003127E,CN103
VORDME,184817N,1003325E,CN201
VORDME,184314N,1005827E,CN202
VORDME,190155N,1004535E,CN203
VORDME,185505N,1004938E,CN204
VORDME,185340N,1004904E,CN205
VORDME,184859N,1004712E,CN206
VORDME,190523N,1004403E,CN301
VORDME,185341N,1004901E,CN302
VORDME,124854N,1011249E,COBAR
VORDME,134205N,1001137E,CORUS
VORDME,195622N,0995239E,CT031
VORDME,195013N,0994840E,CT032
VORDME,195626N,0995234E,CT033
VORDME,195006N,0994851E,CT034
VORDME,195149N,0995821E,CT035
VORDME,195748N,0995330E,CT211
VORDME,200040N,0995503E,CT212
VORDME,200304N,0995621E,CT213
VORDME,195751N,0995324E,CT214
VORDME,200029N,0995456E,CT215
VORDME,200302N,0995626E,CT216
VORDME,200056N,1001223E,CT217
VORDME,194017N,0994307E,D210S
VORDME,172613N,1023110E,D283O
VORDME,150359N,1000817E,DABES
VORDME,141142N,1010930E,DABTA
VORDME,094108N,1001653E,DABUT
VORDME,124542N,1010950E,DADBU
VORDME,090713N,0981749E,DADSA
VORDME,171318N,1023559E,DAINO
VORDME,150347N,1001727E,DALBA
VORDME,165348N,1003322E,DAMRI
VORDME,092931N,0983209E,DAMUN
VORDME,141304N,1001828E,DANCY
VORDME,073054N,1002024E,DANDO
VORDME,193005N,0980745E,DANPU
VORDME,161802N,1034655E,DAPGI
VORDME,145253N,1022609E,DARCO
VORDME,065450N,1011909E,DATOE
VORDME,135358N,1003606E,DE21L
VORDME,135349N,1003545E,DE21R
VORDME,123950N,1010013E,DER18
VORDME,124144N,1010023E,DER36
VORDME,120457N,1011011E,DIPUN
VORDME,110007N,1003248E,DIRAX
VORDME,142816N,1001617E,DISCO
VORDME,080713N,0982326E,DIVER
VORDME,140543N,1004159E,DM030
VORDME,140357N,1010552E,DM031
VORDME,140348N,1003128E,DM032
VORDME,140527N,1001631E,DM033
VORDME,133240N,1001908E,DM305
VORDME,131759N,1002423E,DM306
VORDME,134558N,1002222E,DM307
VORDME,141059N,1002320E,DM308
VORDME,143050N,1003419E,DOGVA
VORDME,190429N,1005322E,DOKLO
VORDME,131740N,1011048E,DOLNI
VORDME,075059N,0990716E,DOMBA
VORDME,191419N,0982602E,DOMKA
VORDME,084133N,1001107E,DONEE
VORDME,100738N,1002401E,DONSI
VORDME,092459N,0994614E,DORNA
VORDME,135240N,1015002E,DOSBU
VORDME,170730N,1022757E,DOTGA
VORDME,133858N,1002220E,DOTLI
VORDME,092401N,0995530E,DOTOG
VORDME,130820N,1003057E,DOTSU
VORDME,163103N,1032732E,DOTUS
VORDME,141358N,1001919E,DOVAX
VORDME,194001N,0995540E,DOVIT
VORDME,084657N,1002208E,DOXAS
VORDME,172809N,1025316E,DOXUR
VORDME,062556N,1000737E,DUBAX
VORDME,193249N,1001207E,DUBEN
VORDME,170929N,1025716E,DUBMO
VORDME,171004N,1013154E,DUBOL
VORDME,142513N,1004317E,DUDAT
VORDME,064523N,1002327E,DUDIB
VORDME,182853N,1004058E,DUGEL
VORDME,140122N,1002530E,DUGIX
VORDME,080125N,1020549E,DUGON
VORDME,150006N,1000808E,DUKEN
VORDME,134416N,1021360E,DULEM
VORDME,141505N,1011411E,DUMIG
VORDME,185553N,0985922E,DUMUX
VORDME,124820N,1011806E,DUNAP
VORDME,170540N,1041536E,DUPER
VORDME,141835N,1011710E,EASTE
VORDME,162625N,1030858E,EGISO
VORDME,112838N,1000450E,EGUBO
VORDME,135947N,1005552E,EKCHO
VORDME,183822N,1003144E,EKIVI
VORDME,124620N,1011717E,EKOBA
VORDME,162730N,1011859E,EKVIP
VORDME,173442N,1013818E,ELDUS
VORDME,163915N,1025433E,ELGEV
VORDME,174625N,1023746E,ELNET
VORDME,091218N,0992215E,ELNON
VORDME,072616N,1000607E,ELREM
VORDME,143823N,1014411E,ELTON
VORDME,101249N,1010729E,EMELA
VORDME,164107N,1011860E,EMREX
VORDME,080621N,0984840E,EMRIT
VORDME,160020N,1023533E,EMRUT
VORDME,054543N,1010808E,EMSEG
VORDME,184709N,0991232E,EMSOG
VORDME,170518N,1025136E,EMTER
VORDME,114931N,1000814E,EMTIX
VORDME,085235N,0985459E,EMTOB
VORDME,200035N,1000330E,EMTOD
VORDME,192959N,0980124E,EMTUG
VORDME,084438N,0992122E,EMVEL
VORDME,180941N,0991004E,ENBAT
VORDME,164858N,0983356E,ENDOB
VORDME,142949N,1011317E,ENDUU
VORDME,200134N,1000553E,ENGAL
VORDME,173044N,1024759E,ENGEB
VORDME,132308N,1004549E,ENKAA
VORDME,131057N,1010126E,ENKAB
VORDME,170314N,1001556E,ENLAX
VORDME,165351N,0983606E,ENLON
VORDME,163109N,1024908E,ENPIR
VORDME,164915N,0984924E,ENRAD
VORDME,100223N,1000931E,ENRAG
VORDME,182548N,0985022E,ENRIS
VORDME,173720N,1014655E,ENSUP
VORDME,064701N,1003635E,ENTAM
VORDME,154755N,1041024E,ENTEK
VORDME,091934N,0995540E,ENTID
VORDME,072933N,1001406E,ENVON
VORDME,075416N,0984555E,EPGOT
VORDME,125051N,1010908E,EPKOV
VORDME,172509N,1024316E,ERVED
VORDME,061208N,1012853E,ERVES
VORDME,070545N,1001027E,ESBIG
VORDME,055924N,1011306E,ESGAL
VORDME,172458N,1021514E,ESGIB
VORDME,071148N,1002734E,ESLUG
VORDME,133517N,1001740E,ESMAG
VORDME,184808N,1002553E,ESMOP
VORDME,161744N,1035412E,ESNOS
VORDME,134454N,1004633E,EXSON
VORDME,084215N,1000427E,FAGAS
VORDME,142636N,1005232E,FANTA
VORDME,172012N,0994834E,FANTY
VORDME,094209N,0981827E,FASAI
VORDME,080120N,0983013E,FEENA
VORDME,135629N,1002834E,FERDO
VORDME,150737N,1022520E,FINNY
VORDME,122421N,1022908E,FINZA
VORDME,170251N,1034951E,FOSSA
VORDME,131343N,1003915E,FUNKY
VORDME,165544N,1040516E,FURNO
VORDME,093760N,0982226E,GAPER
VORDME,144657N,1020012E,GARBO
VORDME,082121N,1000859E,GAROL
VORDME,100431N,0984955E,GAYOU
VORDME,075248N,0983235E,GENOA
VORDME,083224N,1002714E,GIFBY
VORDME,122305N,0995847E,GINGA
VORDME,094753N,0982920E,GODUM
VORDME,180813N,0985150E,GOGOP
VORDME,165016N,1011143E,GOGUN
VORDME,111815N,1002544E,GOKEX
VORDME,164301N,1004834E,GOKON
VORDME,134610N,1002222E,GOLIV
VORDME,061706N,1021639E,GOLUD
VORDME,132406N,1013506E,GOMES
VORDME,151706N,1001729E,GOODA
VORDME,190402N,1003939E,GORDU
VORDME,133055N,1012128E,GORSI
VORDME,170157N,0995609E,GOSRU
VORDME,171557N,1002230E,GOSTA
VORDME,085957N,0991010E,GOVDA
VORDME,093015N,0982751E,GOWHA
VORDME,140824N,1004431E,GRACE
VORDME,150917N,1034714E,GRASO
VORDME,054645N,1010518E,GUBLU
VORDME,173538N,1015606E,GUDNU
VORDME,091712N,0991711E,GULNA
VORDME,171915N,1031735E,GULNO
VORDME,191027N,0981122E,GUMGI
VORDME,124211N,1000628E,GUNYA
VORDME,092411N,0991623E,GUPES
VORDME,085012N,1002750E,GUPMO
VORDME,192342N,0975608E,GUPNA
VORDME,160329N,1041106E,GUROK
VORDME,164203N,0983635E,GUSAV
VORDME,152322N,1032209E,GUSUN
VORDME,165739N,0983540E,GUTIB
VORDME,124820N,1003454E,GUTSO
VORDME,071820N,0993734E,GUZZO
VORDME,123138N,1005117E,HAMOO
VORDME,084403N,1000502E,HAVAS
VORDME,124729N,0995349E,HHQ01
VORDME,124604N,0995419E,HHQ02
VORDME,124709N,0995340E,HHQNF
VORDME,080528N,0980455E,HK450
VORDME,080656N,0982033E,HK491
VORDME,080713N,0982327E,HK495
VORDME,080446N,0982733E,HK497
VORDME,080903N,0982606E,HK572
VORDME,080737N,0982749E,HK580
VORDME,080646N,0981838E,HK591
VORDME,080439N,0981204E,HK597
VORDME,080121N,0981325E,HK680
VORDME,080528N,0982716E,HK760
VORDME,081107N,0981310E,HK870
VORDME,080722N,0982503E,HKTEF
VORDME,080614N,0981305E,HKTWF
VORDME,181358N,0994227E,HOKON
VORDME,182058N,0994530E,HOLUA
VORDME,134817N,1002121E,HOLYA
VORDME,130006N,1001948E,HOTEL
VORDME,071903N,0995250E,HUNNY
VORDME,123216N,1015900E,HUNSA
VORDME,200945N,1001041E,IBANA
VORDME,174340N,1024209E,IBEGA
VORDME,141036N,0992946E,IBETO
VORDME,090724N,0992720E,IBIGA
VORDME,110007N,1005348E,IDAGA
VORDME,084344N,0991524E,IDNAR
VORDME,172010N,1031011E,IDRON
VORDME,082724N,1005513E,IDRUK
VORDME,124011N,1011826E,IFONE
VORDME,104946N,0993411E,IGAKO
VORDME,172713N,0995744E,IGEMU
VORDME,083640N,0982320E,IGEVI
VORDME,064523N,1001535E,IGMUG
VORDME,191857N,0975546E,IGNIN
VORDME,163321N,1025036E,IGNOG
VORDME,142633N,0995430E,IGONI
VORDME,093146N,0991532E,IKERA
VORDME,173521N,1013306E,IKITA
VORDME,073935N,1013235E,IKOGA
VORDME,100007N,0972114E,IKULA
VORDME,131616N,1003729E,INNDY
VORDME,135819N,1001947E,INTOS
VORDME,193603N,0995617E,INTUP
VORDME,185802N,1003931E,INVAR
VORDME,141756N,1002856E,INVEK
VORDME,162315N,1030148E,IPMAX
VORDME,172330N,1040903E,IRICA
VORDME,162402N,1025500E,IRNIP
VORDME,142620N,1004331E,IRTIS
VORDME,141702N,1003230E,ISDEX
VORDME,071612N,1000817E,ISDIV
VORDME,163816N,1030519E,ISLAR
VORDME,091558N,0990606E,ISMOM
VORDME,095541N,0983937E,JADED
VORDME,093443N,0982950E,JADUM
VORDME,150008N,1022443E,JAIGA
VORDME,081324N,0985943E,JEEDA
VORDME,083227N,1001315E,JELRY
VORDME,083111N,0990301E,JIMMY
VORDME,144331N,1015052E,JONEW
VORDME,135828N,1001522E,JROCK
VORDME,182429N,0993849E,JUMKA
VORDME,152132N,1043807E,JUMPA
VORDME,125522N,1000129E,JUTHA
VORDME,075935N,0980643E,JUVEY
VORDME,182739N,0993247E,KABMU
VORDME,162116N,1030647E,KABVI
VORDME,164754N,0985341E,KADAV
VORDME,133856N,1002931E,KAGET
VORDME,170337N,0983653E,KAJAO
VORDME,105208N,1023343E,KAKET
VORDME,080506N,0980108E,KALIM
VORDME,161802N,1034700E,KALRO
VORDME,164308N,1000139E,KALUX
VORDME,164410N,1003731E,KAMAB
VORDME,152257N,1044228E,KAMON
VORDME,152308N,1050214E,KANOM
VORDME,152254N,1050221E,KANYA
VORDME,092156N,0983053E,KAOYA
VORDME,183009N,0984829E,KARAE
VORDME,074754N,0981136E,KARON
VORDME,161531N,1030127E,KASDU
VORDME,070426N,1003439E,KASLA
VORDME,130450N,1004042E,KASNI
VORDME,161719N,1023953E,KASRA
VORDME,155548N,1040028E,KATBU
VORDME,150829N,1043118E,KATIB
VORDME,180943N,0991008E,KEDOB
VORDME,074329N,0992330E,KEEDO
VORDME,064340N,1004132E,KENNE
VORDME,174204N,0992954E,KEXIL
VORDME,125152N,0995153E,KHANA
VORDME,172241N,1013431E,KHOTO
VORDME,071536N,1001756E,KIBAB
VORDME,055401N,1011109E,KIBUG
VORDME,125160N,1010113E,KIDIT
VORDME,130646N,1005106E,KIGOB
VORDME,092108N,1001200E,KILEP
VORDME,164928N,0994429E,KIMET
VORDME,064333N,1013922E,KIRIN
VORDME,095008N,0983549E,KITOM
VORDME,151319N,1044956E,KITTY
VORDME,163321N,1025036E,KKCNF
VORDME,094235N,0982429E,KOKAM
VORDME,175724N,0992955E,KOKIT
VORDME,062637N,1013240E,KOLOK
VORDME,094717N,0981907E,KOMON
VORDME,134604N,1002225E,KORNA
VORDME,071060N,1003642E,KOYAW
VORDME,121222N,1022616E,KUGAR
VORDME,095756N,1011147E,KUMTO
VORDME,123233N,1010820E,KUNTA
VORDME,093439N,0983000E,LAAUN
VORDME,132436N,1003958E,LACOS
VORDME,123951N,1012055E,LAGID
VORDME,170304N,1002019E,LAGUX
VORDME,134916N,1004626E,LAINO
VORDME,150115N,1031459E,LAKOP
VORDME,171831N,1041413E,LAMMO
VORDME,071739N,0992334E,LAMNA
VORDME,182955N,0992726E,LAMPA
VORDME,084818N,0985208E,LAMUL
VORDME,190513N,0984044E,LAMUN
VORDME,135114N,1004813E,LANCO
VORDME,165359N,0984520E,LARAK
VORDME,200823N,0995935E,LAREV
VORDME,132427N,1003958E,LASAM
VORDME,133332N,1004921E,LASON
VORDME,183506N,0985745E,LASOX
VORDME,133944N,1005022E,LATIN
VORDME,171515N,1030328E,LATUR
VORDME,135606N,1004930E,LAVOG
VORDME,094131N,0995241E,LAXOS
VORDME,093340N,0984608E,LAYWA
VORDME,080536N,0980609E,LAZAM
VORDME,080846N,0980108E,LAZIO
VORDME,130515N,1002825E,LEBIM
VORDME,173140N,1022956E,LEBOG
VORDME,175044N,1022825E,LEDER
VORDME,165253N,0984429E,LEDOK
VORDME,161355N,1025640E,LEKAM
VORDME,140103N,1005049E,LEMOS
VORDME,105837N,0993636E,LERBU
VORDME,062706N,1011618E,LERNI
VORDME,054835N,1011219E,LESKU
VORDME,140058N,1005047E,LETMA
VORDME,071436N,1003347E,LETMO
VORDME,163458N,1024301E,LETVI
VORDME,172043N,1030545E,LEVGA
VORDME,082819N,0990200E,LEXIS
VORDME,135749N,1003800E,LIBRA
VORDME,171403N,1023343E,LIDBO
VORDME,133312N,1004910E,LIGSI
VORDME,192027N,0980821E,LIKPU
VORDME,091953N,1000531E,LILTO
VORDME,091536N,0995317E,LIMLY
VORDME,135608N,1004931E,LINSY
VORDME,183506N,0985742E,LINTI
VORDME,160835N,1025159E,LIPKU
VORDME,141028N,1015756E,LIPLI
VORDME,083227N,1001315E,LONEE
VORDME,132928N,1004115E,LONNY
VORDME,085356N,1003425E,LOSDA
VORDME,132929N,1004115E,LOSDO
VORDME,135114N,1004813E,LOTMU
VORDME,180546N,0993845E,LOTZO
VORDME,133560N,1004413E,LOUIS
VORDME,182945N,0992609E,LPTN1
VORDME,182948N,0992612E,LPTN2
VORDME,182136N,0992948E,LPTNF
VORDME,180431N,0992924E,LPTS1
VORDME,180338N,0993442E,LPTS2
VORDME,180427N,0992929E,LPTS3
VORDME,180341N,0993446E,LPTS4
VORDME,181059N,0993041E,LPTSF
VORDME,171347N,1025022E,LUBKA
VORDME,152849N,0983530E,LUDVI
VORDME,135947N,1003921E,LUGSO
VORDME,163506N,1002434E,LUKPA
VORDME,162730N,1011142E,LUKTO
VORDME,172002N,1014120E,LUMRO
VORDME,134916N,1004627E,LUNRA
VORDME,134816N,1003239E,LURPO
VORDME,085957N,0991010E,LUTBA
VORDME,082819N,0990200E,LUXIR
VORDME,083409N,0995652E,MA19
VORDME,192118N,0975523E,MA197
VORDME,163219N,1023822E,MABDI
VORDME,094809N,1003543E,MABKO
VORDME,191306N,0983346E,MACHI
VORDME,075722N,0991013E,MADIL
VORDME,102846N,0991015E,MAGMI
VORDME,163959N,1011823E,MAGPU
VORDME,194316N,1000351E,MAGVI
VORDME,193231N,0993420E,MAILA
VORDME,150123N,1044558E,MAKAM
VORDME,173722N,1014648E,MAKEP
VORDME,183309N,0992217E,MAKOM
VORDME,163540N,1023324E,MAKVO
VORDME,081147N,0982726E,MALIN
VORDME,111240N,0993155E,MALIP
VORDME,143111N,1011153E,MALKI
VORDME,181660N,0993816E,MAMOR
VORDME,095207N,0982828E,MANAM
VORDME,070653N,1003215E,MANAN
VORDME,182308N,1002342E,MANOW
VORDME,080223N,0983630E,MANYU
VORDME,152257N,1050224E,MAPAW
VORDME,195837N,0994521E,MAPDA
VORDME,064627N,1013804E,MAPLE
VORDME,180022N,0993842E,MARBO
VORDME,080109N,0990317E,MARIA
VORDME,152310N,1032225E,MARMU
VORDME,180836N,0990549E,MARNI
VORDME,180252N,0992618E,MARWA
VORDME,165801N,1034107E,MASIO
VORDME,134822N,1002541E,MASON
VORDME,175825N,0993005E,MATAN
VORDME,133644N,1003425E,MATLO
VORDME,175011N,1000320E,MAYOM
VORDME,064749N,1011937E,MAYOU
VORDME,150649N,1044132E,MAYSA
VORDME,135403N,1002655E,MEKET
VORDME,110831N,0994543E,MENEX
VORDME,172107N,1015731E,MENUS
VORDME,070044N,1001705E,MEPIG
VORDME,065005N,1003813E,MERIV
VORDME,090719N,0994816E,MESEM
VORDME,161336N,1034643E,MESIB
VORDME,190300N,0990711E,MESUX
VORDME,162022N,1030934E,METAV
VORDME,085828N,0985852E,METIN
VORDME,054935N,1010620E,MEVIT
VORDME,081458N,0995121E,MEZZI
VORDME,133134N,1010316E,MEZZO
VORDME,184808N,1002603E,MIBOB
VORDME,141823N,0985907E,MIGAR
VORDME,193859N,0995049E,MIKAV
VORDME,081152N,0980533E,MILAN
VORDME,165438N,0984546E,MILUT
VORDME,131012N,1011830E,MINDI
VORDME,095827N,0984252E,MINTA
VORDME,184813N,0985842E,MIZZY
VORDME,151760N,1001747E,MM18
VORDME,080655N,0982016E,MM27
VORDME,140030N,1004001E,MOCKA
VORDME,173037N,1015220E,MOCKE
VORDME,083016N,0983729E,MODON
VORDME,182745N,0993744E,MOLEK
VORDME,164323N,1024257E,MOLVU
VORDME,082659N,0984056E,MONBU
VORDME,122701N,1010620E,MONJA
VORDME,184702N,0993743E,MONLO
VORDME,151237N,1043430E,MOONY
VORDME,163644N,1030238E,MOOSE
VORDME,171250N,1022551E,MOPSA
VORDME,171813N,1024120E,MOSDI
VORDME,155757N,1033353E,MOSNU
VORDME,071134N,1002730E,MOSPO
VORDME,142959N,1005445E,MOTIF
VORDME,131110N,1002306E,MOTNA
VORDME,162218N,1024313E,MOVMI
VORDME,200831N,0995918E,MOVRO
VORDME,083037N,0995630E,MR01
VORDME,124131N,0995549E,MR16
VORDME,172212N,1024918E,MR30
VORDME,085441N,1012952E,MUBAN
VORDME,134530N,1004342E,MUBUS
VORDME,090050N,0975115E,MUDMA
VORDME,152928N,1001048E,MUDOR
VORDME,175107N,1025753E,MUGNO
VORDME,085149N,0990110E,MULRO
VORDME,170600N,1024644E,MULVA
VORDME,164901N,0983357E,MUMAI
VORDME,123713N,1011239E,MUNEG
VORDME,075635N,0990653E,MUNIA
VORDME,171732N,1025849E,MUNUR
VORDME,151352N,1050727E,MUWAN
VORDME,152333N,1044042E,MUYOR
VORDME,180550N,0993549E,NADON
VORDME,074847N,0994311E,NAKAR
VORDME,171506N,1035036E,NAKEE
VORDME,145942N,1022354E,NAKNF
VORDME,145715N,1021917E,NAKNM
VORDME,144214N,1003103E,NAKON
VORDME,180547N,0993108E,NAKOT
VORDME,145417N,1021343E,NAKSF
VORDME,145642N,1021815E,NAKSM
VORDME,082203N,1000219E,NAMFA
VORDME,170251N,1034951E,NANAI
VORDME,152838N,1045738E,NANOI
VORDME,182707N,0992920E,NAPFY
VORDME,182852N,0990332E,NASAI
VORDME,122452N,1010420E,NAVAA
VORDME,063702N,1014708E,NAWNF
VORDME,064138N,1014908E,NAWNI
VORDME,062360N,1014129E,NAWSF
VORDME,061924N,1013929E,NAWSI
VORDME,074102N,0991442E,NECON
VORDME,080935N,0990518E,NEEMO
VORDME,172332N,1030156E,NEENO
VORDME,092731N,0985121E,NEETA
VORDME,160345N,1022913E,NEMTE
VORDME,142125N,1001505E,NIMEG
VORDME,141528N,1000718E,NINER
VORDME,171614N,1001444E,NIROP
VORDME,164212N,1005616E,NISIP
VORDME,170702N,1025904E,NISSA
VORDME,162723N,1000718E,NITAL
VORDME,195710N,1000960E,NITED
VORDME,134229N,1012607E,NITRO
VORDME,164820N,1024659E,NIVAD
VORDME,164826N,0995954E,NIVUS
VORDME,092517N,0992613E,NIXET
VORDME,151636N,1004006E,NOBER
VORDME,065118N,1004807E,NOBIT
VORDME,135118N,1001910E,NODEG
VORDME,200360N,0995660E,NODOV
VORDME,173834N,1020021E,NOGAD
VORDME,162909N,1001733E,NOGEM
VORDME,194003N,1000623E,NOKUS
VORDME,065641N,1002928E,NOLAP
VORDME,190438N,1003420E,NOLUK
VORDME,093404N,0984835E,NOMEK
VORDME,113830N,1010454E,NOMEP
VORDME,105301N,0995337E,NONEL
VORDME,161217N,1033144E,NOPIG
VORDME,063652N,1013245E,NORAR
VORDME,172139N,1030722E,NORDY
VORDME,144308N,1003820E,NORTA
VORDME,122026N,1023220E,NOVEM
VORDME,084540N,0995103E,NSTN1
VORDME,084507N,0995117E,NSTN2
VORDME,083751N,0995716E,NSTNF
VORDME,084447N,0995760E,NSTNI
VORDME,081743N,0995455E,NSTS1
VORDME,082757N,0995613E,NSTSF
VORDME,082245N,0995540E,NSTSI
VORDME,093819N,1000313E,NUDBA
VORDME,183019N,0990506E,NUDMA
VORDME,164214N,0984931E,NUDSI
VORDME,103545N,0990934E,NUDSO
VORDME,130254N,1014959E,NUGPA
VORDME,102919N,1003643E,NULBO
VORDME,083118N,0990228E,NULMA
VORDME,195017N,0994857E,NULTA
VORDME,193243N,0993402E,NUMDO
VORDME,151301N,1052257E,NUMFA
VORDME,095151N,0982431E,NUMPU
VORDME,145127N,0992304E,NUNLI
VORDME,170741N,1024643E,NUPDU
VORDME,142451N,0983322E,NURDA
VORDME,094406N,1001757E,NURLO
VORDME,125538N,1001511E,NUSON
VORDME,072803N,0985020E,NUTGU
VORDME,064142N,1012142E,OAKLY
VORDME,105753N,0993555E,OBKAN
VORDME,164527N,0985152E,OBKED
VORDME,072948N,1003228E,OBLEX
VORDME,135854N,1000355E,OBMAR
VORDME,065015N,1001828E,OBMEM
VORDME,170406N,1024140E,OBMIL
VORDME,183327N,1003308E,OGENO
VORDME,161608N,1042533E,OKENA
VORDME,095849N,1001852E,OLBAG
VORDME,071206N,1002359E,OLDEV
VORDME,125401N,1021325E,OLDIR
VORDME,065432N,1013426E,OLIVE
VORDME,174803N,1024443E,OLPES
VORDME,054903N,1010443E,OLPIL
VORDME,113411N,1001649E,OLSEL
VORDME,134439N,1014956E,OLTUM
VORDME,141013N,0995725E,OM21
VORDME,165643N,1000922E,OMBAR
VORDME,162808N,1022932E,OMBEV
VORDME,153620N,1001746E,OMBIN
VORDME,194241N,0994348E,OMGEN
VORDME,135143N,1024559E,OMURO
VORDME,081757N,0984633E,ONETI
VORDME,164304N,1024826E,ONIBU
VORDME,163228N,1022655E,ONUVI
VORDME,171913N,1042630E,OPAAR
VORDME,174224N,1000008E,OPELO
VORDME,142704N,1005517E,OPERA
VORDME,181929N,0985219E,OSADI
VORDME,090031N,0992206E,OSIMO
VORDME,094549N,1000220E,OSNIX
VORDME,165234N,1000328E,OSPAL
VORDME,172843N,1025206E,OSPEK
VORDME,082015N,0991319E,OSPEX
VORDME,085820N,1013431E,OSROG
VORDME,163433N,1024244E,OSRUS
VORDME,074253N,0984409E,OSVIP
VORDME,150642N,1032852E,OTBET
VORDME,091306N,0993248E,OTGOL
VORDME,171117N,1025529E,OTLOR
VORDME,181358N,0994227E,PABEK
VORDME,151356N,1050625E,PACER
VORDME,075505N,0983441E,PACUS
VORDME,071660N,0995532E,PADPA
VORDME,162731N,1011127E,PADPU
VORDME,192704N,0995725E,PAELY
VORDME,091549N,1001709E,PAGLU
VORDME,181228N,0994929E,PAHIN
VORDME,162013N,0995656E,PAKMO
VORDME,145202N,1025409E,PAKRI
VORDME,181445N,0993849E,PALAT
VORDME,181160N,0995139E,PAMOK
VORDME,080019N,0990349E,PAMRO
VORDME,173660N,1025119E,PAMVO
VORDME,064706N,1010850E,PAN08
VORDME,064709N,1010936E,PAN26
VORDME,065457N,1010906E,PANAN
VORDME,064725N,1011330E,PANEF
VORDME,151252N,1043633E,PANIN
VORDME,172035N,1005606E,PANKU
VORDME,075257N,0985255E,PANOM
VORDME,181351N,0991917E,PANTA
VORDME,064650N,1010455E,PANWF
VORDME,121306N,0995955E,PAPAT
VORDME,080112N,1023842E,PARAM
VORDME,145727N,1034726E,PASAT
VORDME,094131N,1000022E,PASKI
VORDME,140005N,0993007E,PASTO
VORDME,065327N,1005820E,PATAA
VORDME,164756N,0985342E,PATAE
VORDME,171647N,1033715E,PATAN
VORDME,193557N,0993633E,PATGU
VORDME,194921N,0994117E,PAVPI
VORDME,164811N,0985434E,PAWAI
VORDME,123137N,1010012E,PAWIN
VORDME,170425N,1035246E,PAYON
VORDME,170826N,0994751E,PAYTO
VORDME,100604N,0985112E,PAYUN
VORDME,162103N,1010424E,PB001
VORDME,162042N,1010416E,PB002
VORDME,162922N,1010450E,PB003
VORDME,162902N,1011808E,PB004
VORDME,164515N,1011143E,PB018
VORDME,163434N,1011142E,PB036
VORDME,163434N,1011138E,PB136
VORDME,161606N,1001736E,PEBLI
VORDME,080342N,0994751E,PEDOR
VORDME,185806N,0975520E,PEGSI
VORDME,144808N,1034733E,PEKBA
VORDME,141329N,1001320E,PESTO
VORDME,061740N,1011945E,PETAC
VORDME,101412N,1015410E,PETRA
VORDME,181838N,0994956E,PHATA
VORDME,151760N,1001747E,PI001
VORDME,152317N,1001754E,PI002
VORDME,151727N,1001746E,PI101
VORDME,151550N,1001744E,PI360
VORDME,150948N,1001736E,PI361
VORDME,143008N,1003530E,PIANO
VORDME,171130N,1000028E,PIBIK
VORDME,083230N,0995649E,PICHY
VORDME,122143N,1010514E,PIDEL
VORDME,190302N,0985749E,PILEX
VORDME,145502N,1020823E,PIMAI
VORDME,065011N,1001156E,PIMAN
VORDME,073045N,1002449E,PIMER
VORDME,065234N,1004131E,PIMUV
VORDME,182854N,0985228E,PINGY
VORDME,092825N,1002306E,PINUN
VORDME,073832N,0992010E,PIONY
VORDME,195212N,1000709E,PIPEG
VORDME,142236N,1011914E,PIPOB
VORDME,174644N,0994553E,PIVUT
VORDME,180636N,0993104E,PIWAN
VORDME,125517N,1005456E,PIWAT
VORDME,164202N,0983516E,PM200
VORDME,164204N,0983805E,PM201
VORDME,164206N,0984022E,PM202
VORDME,164206N,0983516E,PM300
VORDME,164219N,0983805E,PM301
VORDME,164230N,0984023E,PM302
VORDME,170710N,0994857E,PO101
VORDME,171342N,0994905E,PO102
VORDME,172121N,0994915E,PO201
VORDME,171450N,0994907E,PO202
VORDME,175416N,0995722E,POCKY
VORDME,172410N,1022846E,POKIR
VORDME,132106N,1003454E,POLAK
VORDME,171309N,1000328E,POLOB
VORDME,201858N,1002306E,PONUK
VORDME,180216N,0992219E,POODA
VORDME,092901N,0983204E,POOMA
VORDME,150720N,1045859E,POONA
VORDME,062908N,1003212E,POPID
VORDME,093739N,0995610E,POPOR
VORDME,164127N,1002056E,POSIL
VORDME,145809N,1002147E,POTAX
VORDME,134154N,1000451E,POTEP
VORDME,190229N,0990212E,POTIV
VORDME,064523N,1003053E,POVAK
VORDME,165905N,1030530E,POVEX
VORDME,184404N,0990509E,POVUT
VORDME,064718N,1010853E,POXUN
VORDME,164738N,1001615E,PP140
VORDME,162828N,1003044E,PP142
VORDME,162055N,1002257E,PP143
VORDME,163718N,1001502E,PP144
VORDME,164614N,1000817E,PP145
VORDME,170010N,0995742E,PP146
VORDME,164619N,1001715E,PP320
VORDME,164742N,1000545E,PP322
VORDME,162810N,1000642E,PP323
VORDME,170047N,1002422E,PP324
VORDME,174605N,1000918E,PREAM
VORDME,180344N,1000927E,PRH01
VORDME,175732N,1000849E,PRH02
VORDME,180132N,1000914E,PRHSF
VORDME,171510N,1044421E,PRITY
VORDME,093407N,1001727E,PUBID
VORDME,151818N,1050702E,PUDZA
VORDME,163536N,1002521E,PUGAN
VORDME,150337N,1002441E,PUGUL
VORDME,182546N,0990505E,PUKAT
VORDME,094406N,1000622E,PUKOM
VORDME,165230N,1001234E,PULUM
VORDME,180831N,0985001E,PUMAM
VORDME,141420N,0984348E,PUMOR
VORDME,170250N,1035753E,PUNNA
VORDME,171826N,1042416E,PUNOI
VORDME,183729N,0985745E,PUNYA
VORDME,171458N,1035141E,PUPEK
VORDME,183601N,0991558E,PUPIK
VORDME,152153N,1052207E,PUTAI
VORDME,084506N,0993926E,PUYOL
VORDME,081212N,0990241E,RABEE
VORDME,074049N,0992631E,RACHA
VORDME,093043N,0983907E,RAKSA
VORDME,150554N,1032319E,RAMBU
VORDME,150240N,1030040E,RAMEI
VORDME,083722N,0995006E,RAMOZ
VORDME,171625N,1041840E,RANEE
VORDME,075906N,0980142E,RAWAI
VORDME,095238N,0983612E,RAWAT
VORDME,183539N,0991229E,RAXOM
VORDME,132910N,1004225E,RAYPA
VORDME,074332N,0983736E,REBED
VORDME,083425N,0992825E,RECNO
VORDME,194223N,0994420E,REDIP
VORDME,140118N,1004937E,REGIR
VORDME,120007N,1003454E,REGOS
VORDME,080432N,1002618E,RELIP
VORDME,134826N,1003259E,REMAT
VORDME,165935N,1004531E,REMER
VORDME,135148N,1005056E,RENEX
VORDME,135954N,1003910E,RENIL
VORDME,090945N,0990001E,REPEL
VORDME,132419N,1004109E,REPEN
VORDME,140121N,1004938E,REWCO
VORDME,080313N,0982350E,RHK49
VORDME,081030N,0982307E,RHK57
VORDME,080225N,0981526E,RHK59
VORDME,080332N,0981520E,RHK68
VORDME,080301N,0982350E,RHK76
VORDME,080903N,0981448E,RHK87
VORDME,172014N,1012918E,RIBDO
VORDME,135157N,1004709E,RIBGA
VORDME,074737N,0991904E,RICOH
VORDME,164207N,0984156E,RIDGU
VORDME,190612N,0975519E,RIDKI
VORDME,182547N,0985743E,RIGTA
VORDME,162120N,1030138E,RIKVU
VORDME,102334N,1012142E,RILVI
VORDME,173746N,0991609E,RINKA
VORDME,165016N,1011824E,RINRO
VORDME,090852N,1002238E,RIPMU
VORDME,133344N,1003950E,RIPSO
VORDME,172308N,1023117E,RIRMI
VORDME,150112N,1025027E,RISBO
VORDME,065725N,1003516E,RISRO
VORDME,132418N,1004109E,RISSE
VORDME,135743N,1003812E,RIVER
VORDME,080209N,0983401E,RIZZO
VORDME,092558N,1003511E,ROBDA
VORDME,141043N,1012508E,ROBKA
VORDME,075813N,0980323E,ROMAA
VORDME,135157N,1004709E,ROMME
VORDME,140841N,1004359E,RONAL
VORDME,152340N,1044047E,ROONY
VORDME,075448N,0991111E,ROPBY
VORDME,074818N,0985645E,ROSIC
VORDME,133652N,1004311E,ROVEN
VORDME,071525N,0994532E,ROZER
VORDME,181514N,0995623E,RUBBY
VORDME,173539N,1023756E,RUGBU
VORDME,133344N,1003950E,RUGTI
VORDME,134237N,1005815E,RUKDI
VORDME,143351N,1015512E,RUKSA
VORDME,135626N,1004820E,RUMAD
VORDME,134537N,1001343E,RUMBA
VORDME,091717N,1001560E,RUMVA
VORDME,125857N,1010148E,RUNOS
VORDME,093445N,0982951E,RUNTA
VORDME,125839N,1014733E,RUPTA
VORDME,132911N,1004226E,RUPUX
VORDME,161943N,1041436E,RURAR
VORDME,151919N,1032804E,RUREM
VORDME,170615N,1000704E,RUTEX
VORDME,185947N,1005130E,RUTGI
VORDME,063958N,1002333E,RUXUB
VORDME,135627N,1004820E,RYAUN
VORDME,075902N,0981605E,SAABA
VORDME,130722N,1001939E,SABAI
VORDME,125959N,1001125E,SABIS
VORDME,123005N,1010251E,SABNA
VORDME,163948N,1012724E,SABOR
VORDME,170346N,1023112E,SAGBA
VORDME,145760N,1023339E,SAIGA
VORDME,082052N,1001313E,SAKOL
VORDME,064700N,1003712E,SAKRA
VORDME,151007N,1043913E,SALEE
VORDME,131429N,1001129E,SALMA
VORDME,165623N,1000858E,SALOK
VORDME,132759N,1004709E,SALSA
VORDME,165352N,0983606E,SAMAE
VORDME,175405N,0993206E,SAMAI
VORDME,132303N,1004048E,SAMBA
VORDME,145849N,1024022E,SAMBY
VORDME,123620N,1005956E,SAMIT
VORDME,080625N,0981503E,SAMON
VORDME,163705N,0993619E,SANAL
VORDME,170901N,1024645E,SANIT
VORDME,133755N,1005719E,SANJO
VORDME,145134N,1032548E,SANOT
VORDME,190303N,0984827E,SANRA
VORDME,090746N,0990805E,SAPUD
VORDME,173003N,1030529E,SAPUR
VORDME,082127N,0990057E,SARER
VORDME,173030N,0994737E,SARIM
VORDME,151650N,1045429E,SARIO
VORDME,194001N,0995540E,SASLO
VORDME,082902N,0975756E,SATVA
VORDME,083016N,0983729E,SAVSA
VORDME,090833N,0990843E,SB201
VORDME,091322N,0991326E,SB202
VORDME,092457N,0990018E,SB203
VORDME,085623N,0992814E,SB204
VORDME,085928N,0991934E,SB205
VORDME,085205N,0991244E,SB206
VORDME,091857N,0985507E,SB207
VORDME,091448N,0990457E,SB208
VORDME,091722N,0991010E,SB209
VORDME,090842N,0991844E,SB210
VORDME,090722N,0990734E,SB401
VORDME,090525N,0990540E,SB402
VORDME,090232N,0990251E,SB403
VORDME,085959N,0990021E,SB404
VORDME,091044N,0985406E,SB408
VORDME,091824N,0985905E,SB409
VORDME,090101N,0991209E,SB410
VORDME,085319N,0991503E,SB411
VORDME,084830N,0991349E,SB412
VORDME,084621N,0991221E,SB413
VORDME,090650N,0985960E,SB414
VORDME,085534N,0985513E,SB415
VORDME,085448N,0990209E,SB416
VORDME,124141N,0995549E,SDF01
VORDME,124414N,0995446E,SDFW1
VORDME,104223N,0992112E,SE061
VORDME,104035N,0991802E,SE062
VORDME,103929N,0991606E,SE063
VORDME,104150N,0990600E,SE064
VORDME,104922N,0991912E,SE065
VORDME,104257N,0992212E,SE241
VORDME,104552N,0992719E,SE242
VORDME,104341N,0993744E,SE243
VORDME,103610N,0992431E,SE244
VORDME,162607N,1023706E,SEBMI
VORDME,161733N,1031707E,SEDNO
VORDME,151250N,1021545E,SEEMA
VORDME,144615N,1021342E,SEERO
VORDME,085300N,0992831E,SEGRA
VORDME,131742N,1011043E,SEHNA
VORDME,142020N,1015311E,SELKA
VORDME,145359N,1001548E,SEMBO
VORDME,122816N,1022557E,SEPPA
VORDME,080403N,0990044E,SG001
VORDME,080028N,0990341E,SG002
VORDME,080001N,0985035E,SG009
VORDME,073325N,0992041E,SIKAO
VORDME,103450N,1013640E,SIRAT
VORDME,142408N,0993638E,SIRIN
VORDME,151250N,1021545E,SITTA
VORDME,093319N,1000342E,SM170
VORDME,093725N,1000318E,SM171
VORDME,093954N,1000426E,SM172
VORDME,093904N,1000208E,SM173
VORDME,093403N,1001757E,SM174
VORDME,093004N,0995112E,SM175
VORDME,092006N,0994955E,SM176
VORDME,094327N,1002157E,SM177
VORDME,093701N,1000316E,SM180
VORDME,094037N,1000253E,SM181
VORDME,094313N,1000236E,SM182
VORDME,093637N,1002218E,SM191
VORDME,093800N,1001133E,SM192
VORDME,091426N,0995417E,SM193
VORDME,093228N,1000347E,SM350
VORDME,092634N,1000422E,SM351
VORDME,091230N,0995450E,SM352
VORDME,093110N,1001124E,SM353
VORDME,094820N,1001022E,SM354
VORDME,093125N,1002253E,SM355
VORDME,092729N,1000427E,SM361
VORDME,092821N,0995344E,SM371
VORDME,091550N,0995029E,SM372
VORDME,092643N,1001754E,SM373
VORDME,094139N,1002256E,SM374
VORDME,092847N,1000553E,SM900
VORDME,093528N,1000330E,SM901
VORDME,093549N,1000317E,SM902
VORDME,122035N,1022422E,SMART
VORDME,182933N,0992908E,SOKOM
VORDME,182201N,0994329E,SONPA
VORDME,083226N,1001709E,SOOZO
VORDME,124550N,0995456E,SOPON
VORDME,095353N,1002342E,SORTO
VORDME,140329N,1010420E,SOVKI
VORDME,080827N,0983642E,SP001
VORDME,082126N,0983710E,SP002
VORDME,075515N,0983711E,SP003
VORDME,075238N,0980409E,SP004
VORDME,081303N,0982107E,SP101
VORDME,081116N,0980218E,SP102
VORDME,082019N,0980127E,SP103
VORDME,080837N,0983829E,SP112
VORDME,082005N,0982221E,SP113
VORDME,082314N,0982715E,SP114
VORDME,082043N,0983429E,SP115
VORDME,080102N,0982215E,SP201
VORDME,075947N,0980857E,SP202
VORDME,080438N,0975607E,SP312
VORDME,075304N,0981426E,SP401
VORDME,075343N,0983117E,SP402
VORDME,074639N,0983001E,SP404
VORDME,080560N,0980623E,SP501
VORDME,081915N,0981156E,SP601
VORDME,082050N,0982844E,SP602
VORDME,082611N,0982758E,SP603
VORDME,082814N,0981749E,SP604
VORDME,082733N,0981450E,SP606
VORDME,081106N,0980034E,SP702
VORDME,081534N,0982956E,SP703
VORDME,074813N,0982835E,SP801
VORDME,080153N,0983116E,SP803
VORDME,065604N,1002429E,SS201
VORDME,065637N,1002852E,SS202
VORDME,065701N,1003204E,SS203
VORDME,065026N,1003608E,SS204
VORDME,064835N,1002121E,SS205
VORDME,065608N,1002428E,SS206
VORDME,065627N,1002853E,SS207
VORDME,065641N,1003206E,SS208
VORDME,070040N,1002329E,SS209
VORDME,071102N,1000326E,SS210
VORDME,072019N,1001242E,SS211
VORDME,072223N,1001604E,SS212
VORDME,072233N,1001903E,SS213
VORDME,072200N,1002050E,SS214
VORDME,063850N,1002833E,SS215
VORDME,063943N,1003532E,SS216
VORDME,063331N,1003010E,SS217
VORDME,071512N,1002407E,SS218
VORDME,072112N,1003007E,SS219
VORDME,064555N,1002827E,SS220
VORDME,063821N,1002334E,SS221
VORDME,065551N,1002250E,SS801
VORDME,065521N,1001844E,SS802
VORDME,065346N,1001639E,SS803
VORDME,065233N,1001503E,SS804
VORDME,063821N,1003105E,SS805
VORDME,071631N,1000316E,SS806
VORDME,071137N,1000240E,SS807
VORDME,064523N,1002710E,SS808
VORDME,071014N,1002042E,SS809
VORDME,082134N,0983212E,STONE
VORDME,162107N,1023346E,SUBNU
VORDME,174054N,1024631E,SUGLO
VORDME,074848N,0993201E,SULEZ
VORDME,160025N,1034608E,SULKO
VORDME,130535N,1002048E,SUMLI
VORDME,114814N,1020814E,SUNDA
VORDME,171831N,1041413E,SUPAT
VORDME,083435N,1010419E,SUPIN
VORDME,101642N,1001220E,SUPOJ
VORDME,172548N,1013530E,SUPVO
VORDME,145809N,1022933E,SURAA
VORDME,054613N,1010545E,SURED
VORDME,170158N,1022408E,SURGU
VORDME,105959N,1015015E,SURIX
VORDME,115122N,1002633E,SURMA
VORDME,190259N,0991236E,SUSEG
VORDME,083659N,0981808E,SUSID
VORDME,163526N,1030040E,SUSMI
VORDME,080320N,1012018E,SUWAN
VORDME,110022N,1032914E,SV304
VORDME,101739N,1031547E,SV305
VORDME,102438N,1032444E,SV306
VORDME,102925N,1032718E,SV307
VORDME,102717N,1033412E,SV310
VORDME,103352N,1032138E,SV311
VORDME,104706N,1032844E,SV312
VORDME,105401N,1033227E,SV313
VORDME,110219N,1033655E,SV314
VORDME,104642N,1031504E,SV316
VORDME,102105N,1033052E,SV320
VORDME,101635N,1032507E,SV321
VORDME,100530N,1031055E,SV322
VORDME,104739N,1033704E,SV503
VORDME,104823N,1030214E,SV511
VORDME,103305N,1031226E,SV512
VORDME,100956N,1031607E,SV515
VORDME,102434N,1034300E,SV518
VORDME,104753N,1032908E,SV552
VORDME,103249N,1032104E,SV553
VORDME,101749N,1030850E,SV554
VORDME,105903N,1033625E,SV555
VORDME,172555N,1015903E,SWENI
VORDME,054833N,1010910E,SY002
VORDME,055634N,1011205E,SY003
VORDME,060112N,1011657E,SY004
VORDME,145055N,1020722E,SYRUP
VORDME,063652N,1013245E,TABAR
VORDME,152419N,1043959E,TAEPA
VORDME,063208N,1002407E,TAMOS
VORDME,140306N,0985819E,TANEK
VORDME,144022N,1001433E,TANGO
VORDME,072814N,0992237E,TANYO
VORDME,133043N,1003617E,TAPPA
VORDME,172202N,1041752E,TARAE
VORDME,142620N,0993129E,TARED
VORDME,063624N,1005929E,TARNY
VORDME,081831N,0975947E,TARPU
VORDME,060754N,1011612E,TARUG
VORDME,093153N,0983741E,TASAI
VORDME,183221N,0991806E,TASIV
VORDME,172905N,0984549E,TATEL
VORDME,085660N,0970160E,TATOX
VORDME,084257N,0990416E,TAVAT
VORDME,140838N,1004405E,TAWAN
VORDME,085043N,1000521E,TAWIT
VORDME,064641N,1004645E,TAXEB
VORDME,162904N,1001733E,TAXIN
VORDME,060330N,1012154E,TCART
VORDME,121649N,1021935E,TDXNM
VORDME,084834N,0990507E,TEDOS
VORDME,155728N,1035822E,TEDOT
VORDME,172923N,1023436E,TELUG
VORDME,141101N,0995512E,TEMPO
VORDME,092745N,1000534E,TEMUX
VORDME,090229N,1013948E,TENUM
VORDME,083452N,1000340E,TENYO
VORDME,095412N,1000754E,TEPAD
VORDME,200458N,1000605E,TEPED
VORDME,165550N,1023308E,TERCO
VORDME,135758N,1010249E,TERIB
VORDME,155054N,1034055E,TEROX
VORDME,173520N,1015349E,TERUP
VORDME,194210N,1001118E,TESER
VORDME,151304N,1043831E,THANI
VORDME,124929N,0995308E,THILA
VORDME,065230N,1024960E,TIDAR
VORDME,080220N,1014448E,TIKAL
VORDME,145358N,1022811E,TIWAA
VORDME,075512N,0985805E,TODUT
VORDME,092659N,0985148E,TOGIM
VORDME,183256N,0992241E,TOHAN
VORDME,075245N,0991323E,TOMMY
VORDME,173924N,1013947E,TOMUG
VORDME,175843N,0993940E,TOMYA
VORDME,091736N,1015907E,TONIK
VORDME,180138N,0992707E,TONUN
VORDME,062319N,1011127E,TONUV
VORDME,182311N,0990554E,TOONY
VORDME,172916N,0992358E,TOPAS
VORDME,143808N,1024538E,TOPER
VORDME,095232N,1000735E,TOREK
VORDME,094406N,1001126E,TOSUB
VORDME,072904N,0992753E,TSTW1
VORDME,072903N,0992755E,TSTW2
VORDME,072940N,0993140E,TSTWF
VORDME,081318N,0981556E,TUNAA
VORDME,074737N,0991905E,TUNRA
VORDME,185705N,0991234E,TUNTU
VORDME,062323N,1013017E,TUNYO
VORDME,134349N,1023918E,TUPGO
VORDME,132022N,1001135E,TUPKA
VORDME,194312N,0994214E,TURVI
VORDME,101948N,1003108E,TUSPU
VORDME,161849N,1010333E,TUVBO
VORDME,162312N,1024351E,TUVRI
VORDME,172408N,1022914E,TUVSA
VORDME,071133N,1001902E,UBDOG
VORDME,171431N,1023247E,UBLAN
VORDME,143715N,1012612E,UBLOD
VORDME,153233N,1032607E,UBMEM
VORDME,080520N,0974812E,UBNEN
VORDME,151854N,1045710E,UBPNF
VORDME,151123N,1044726E,UBPSF
VORDME,172312N,1024618E,UD120
VORDME,172636N,1024115E,UD121
VORDME,173033N,1023521E,UD122
VORDME,172334N,1024632E,UD123
VORDME,172615N,1024102E,UD124
VORDME,172520N,1030060E,UD125
VORDME,171017N,1025243E,UD126
VORDME,170654N,1024850E,UD127
VORDME,170622N,1024131E,UD128
VORDME,172232N,1024756E,UD300
VORDME,172024N,1025341E,UD301
VORDME,171821N,1025910E,UD302
VORDME,172048N,1030459E,UD303
VORDME,172249N,1024804E,UD304
VORDME,172007N,1025333E,UD305
VORDME,172025N,1030807E,UD306
VORDME,172050N,1023115E,UD307
VORDME,170841N,1023745E,UD308
VORDME,172645N,1025608E,UD309
VORDME,194308N,1000414E,UDIBO
VORDME,173240N,1014519E,UGARI
VORDME,172723N,0994922E,UGEKO
VORDME,134524N,1005221E,UGIPA
VORDME,071002N,1001520E,UGOMI
VORDME,171113N,1040636E,UI051
VORDME,170748N,1040303E,UI052
VORDME,170648N,1040201E,UI053
VORDME,171247N,1040814E,UI231
VORDME,171524N,1041058E,UI232
VORDME,162720N,1024639E,UK903
VORDME,162836N,1024729E,UK921
VORDME,161902N,1033656E,UKADA
VORDME,125412N,1010758E,UKEPA
VORDME,120207N,1000110E,UKERA
VORDME,183005N,1003003E,UKLOM
VORDME,161544N,1030654E,UKMED
VORDME,172913N,1014411E,UL001
VORDME,173102N,1014448E,UL002
VORDME,173325N,1014536E,UL003
VORDME,172654N,1014330E,UL004
VORDME,172912N,1014413E,UL005
VORDME,173102N,1014448E,UL006
VORDME,173326N,1014534E,UL007
VORDME,172655N,1014325E,UL008
VORDME,145348N,1021249E,UMBRO
VORDME,095048N,0983519E,UNDAR
VORDME,165907N,1003328E,UNITE
VORDME,094335N,0983346E,UNNHM
VORDME,093704N,0983101E,UNNS1
VORDME,093760N,0983124E,UNNS2
VORDME,093731N,0983105E,UNNS3
VORDME,094039N,0983228E,UNNSF
VORDME,092745N,1001048E,UNRUB
VORDME,150517N,1030903E,UNTAB
VORDME,151001N,1031229E,UO101
VORDME,151318N,1031451E,UO102
VORDME,151507N,1032502E,UO103
VORDME,151817N,1030936E,UO201
VORDME,151151N,1033353E,UO202
VORDME,151736N,1031758E,UO203
VORDME,151414N,1031532E,UO204
VORDME,165253N,0983644E,UPDEK
VORDME,181413N,0990840E,UPDOS
VORDME,091104N,0991110E,UPDUL
VORDME,171549N,1015551E,UPDUN
VORDME,140353N,1012655E,UPKUP
VORDME,185708N,0991114E,UPLAS
VORDME,172448N,1012751E,UPMEN
VORDME,094213N,1002936E,UPNEP
VORDME,164555N,0984641E,UPRUK
VORDME,083348N,0980452E,UPSAB
VORDME,185531N,1010320E,UPSOT
VORDME,065655N,1003519E,UPVEK
VORDME,163934N,1025401E,UPVEM
VORDME,113836N,1001421E,UPVIL
VORDME,090610N,0991615E,URBAT
VORDME,163132N,1030125E,URBOM
VORDME,074615N,0984031E,URGAD
VORDME,070008N,0992949E,UTHAI
VORDME,171959N,1025350E,UTHEF
VORDME,124643N,1010052E,UTP18
VORDME,123638N,1010006E,UTP36
VORDME,123638N,1005957E,UTPSF
VORDME,123950N,1010013E,UTPSM
VORDME,124450N,1010038E,UTSDF
VORDME,174305N,1002706E,UTTAR
VORDME,162544N,1033236E,UV101
VORDME,161755N,1032711E,UV102
VORDME,161808N,1033325E,UV103
VORDME,155255N,1032724E,UV104
VORDME,154722N,1033334E,UV105
VORDME,160043N,1033852E,UV106
VORDME,160744N,1033911E,UV107
VORDME,161843N,1040415E,UV108
VORDME,155206N,1040434E,UV109
VORDME,160007N,1035324E,UV110
VORDME,160708N,1035343E,UV111
VORDME,161217N,1034640E,UV112
VORDME,160735N,1034627E,UV113
VORDME,160956N,1032658E,UV114
VORDME,162456N,1032722E,UV115
VORDME,161247N,1040705E,UV116
VORDME,161217N,1034639E,UV117
VORDME,161515N,1033551E,UV120
VORDME,161725N,1035429E,UV121
VORDME,161210N,1033206E,UV301
VORDME,160310N,1033142E,UV302
VORDME,161345N,1040118E,UV303
VORDME,160249N,1040048E,UV304
VORDME,160219N,1034613E,UV305
VORDME,160626N,1034624E,UV306
VORDME,161354N,1033927E,UV307
VORDME,160137N,1033855E,UV308
VORDME,162716N,1033602E,UV309
VORDME,161317N,1035359E,UV310
VORDME,160122N,1035327E,UV311
VORDME,155620N,1033834E,UV312
VORDME,160015N,1035753E,UV313
VORDME,161545N,1032811E,UV314
VORDME,161641N,1040452E,UV315
VORDME,160219N,1034614E,UV316
VORDME,172335N,1043810E,UW151
VORDME,172707N,1043535E,UW152
VORDME,172228N,1043859E,UW331
VORDME,171852N,1044138E,UW332
VORDME,162731N,1010425E,VABRO
VORDME,093108N,1003518E,VALSI
VORDME,160938N,1023927E,VAMTA
VORDME,123511N,0994538E,VANKO
VORDME,171839N,1042453E,VANON
VORDME,152909N,1002517E,VAPNO
VORDME,124701N,1023149E,VAPVU
VORDME,150909N,1043520E,VARIN
VORDME,134537N,1004529E,VARIS
VORDME,141219N,1003223E,VARPI
VORDME,090446N,0985220E,VARSA
VORDME,170206N,0994851E,VASBI
VORDME,132647N,1001946E,VASGO
VORDME,150703N,1033124E,VASPA
VORDME,163711N,0984729E,VATKA
VORDME,094008N,1000508E,VEBGA
VORDME,144538N,1021021E,VEDIC
VORDME,091427N,0992251E,VEGNA
VORDME,170333N,0983653E,VEGRA
VORDME,065459N,1000817E,VEGTI
VORDME,172133N,0993654E,VEGTO
VORDME,155558N,1034607E,VEKNO
VORDME,170321N,1023533E,VEKVA
VORDME,173835N,1024042E,VELMU
VORDME,085334N,0990356E,VELRA
VORDME,090451N,0990506E,VEMIX
VORDME,102349N,0990605E,VEMLO
VORDME,080322N,0990720E,VEMTA
VORDME,123951N,1004340E,VEPDA
VORDME,163707N,0984222E,VESAD
VORDME,192729N,0975918E,VESON
VORDME,192353N,0975825E,VETIT
VORDME,093259N,1001139E,VETUL
VORDME,065514N,1001751E,VEVAM
VORDME,191147N,0980803E,VEVID
VORDME,162722N,1024636E,VIDOL
VORDME,093754N,1001740E,VININ
VORDME,133832N,1003846E,VIOLA
VORDME,190512N,0981156E,VIRAL
VORDME,152335N,1044140E,VIRAT
VORDME,150751N,1033703E,VIREB
VORDME,170528N,1000432E,VIRUM
VORDME,185811N,0983438E,VISES
VORDME,125143N,1010130E,VITYA
VORDME,143357N,1013622E,VOBOT
VORDME,180637N,0993117E,VORZO
VORDME,182638N,0992942E,VORZY
VORDME,145007N,0995725E,VUTHI
VORDME,080325N,1000448E,WADEZ
VORDME,140236N,1004442E,WALTZ
VORDME,080552N,0981225E,WANDY
VORDME,175116N,0994330E,WANSA
VORDME,124840N,1000759E,WATSA
VORDME,095229N,1000755E,WATTY
VORDME,141556N,1000333E,WEHHA
VORDME,142417N,1000335E,WILLA
VORDME,150700N,1044106E,WIMON
VORDME,125042N,0995341E,WINAI
VORDME,093731N,0983105E,WISUT
VORDME,132552N,1003460E,WOCAL
VORDME,175118N,1002025E,WOODU
VORDME,172729N,1042621E,XASSY
VORDME,171107N,1043822E,XICLE
VORDME,142236N,1023626E,XIKMA
VORDME,173132N,1043220E,YACOB
VORDME,174415N,1013052E,YAKUA
VORDME,150206N,1022825E,YALIS
VORDME,150206N,1021631E,YARMO
VORDME,094324N,0983341E,YODYA
VORDME,182150N,0990518E,ZAMBA
VORDME,082316N,0995039E,ZARBY
VORDME,071127N,0993734E,ZCUBA
VORDME,123138N,1005933E,ZEHOC
VORDME,082052N,1000454E,ZEYAS
VORDME,064143N,1012142E,ZIMMY
VORDME,182545N,0991125E,ZOOLA
VORDME,084256N,0995748E,ZUREZ
VORDME,085218S,0750000E,KALBI
VORDME,283910N,1093945E,BODUV
VORDME,225824N,1113453E,IKULI
VORDME,203839N,1105430E,ISBIG
VORDME,290146N,1104330E,NOMUK
VORDME,225119N,1103310E,OSIKA
VORDME,225343N,1105341E,PAKPU
VORDME,205036N,1113000E,SIKOU
VORDME,221030N,1064030E,TEBAK
VORDME,224142N,1090719E,VAPNA
VORDME,222535N,1071519E,XEREN
VORDME,301259N,1131108E,GUGAM
VORDME,303438N,1134957E,IDGAG
VORDME,303818N,1135635E,IDPOG
VORDME,294414N,1121922E,VIBUB
VORDME,201809N,1101348E,AGPOR
VORDME,182030N,1074054E,ASSAD
VORDME,164960N,1092342E,BUNTA
VORDME,193111N,1091136E,DABUB
VORDME,183942N,1121442E,IKELA
VORDME,172457N,1101760E,LENKO
VORDME,191519N,1085103E,NONEM
VORDME,203018N,1102942E,SAMAS
VORDME,224306N,1005754E,BIDRU
VORDME,235913N,1014722E,ELASU
VORDME,220253N,1011518E,NOKET
VORDME,211130N,1013724E,SAGAG
VORDME,255829N,1035357E,XISLI
VORDME,272208N,1064500E,AGTIS
VORDME,271157N,1062231E,BIPIP
VORDME,273436N,1071244E,EKADI
VORDME,282646N,1090844E,EPGAL
VORDME,272830N,1065914E,MEMAG
VORDME,274941N,1074623E,TAXOR
VORDME,232301N,0603846E,RAGMA
VORDME,230330N,0635200E,RASKI
VORDME,231900N,0611060E,VAXIM
VORDME,241438N,0705159E,PARTY
VORDME,201453N,0731530E,AKTIV
VORDME,225113N,0732233E,AMVIG
VORDME,220256N,0662842E,ANKOX
VORDME,211059N,0784408E,ATMUV
VORDME,223753N,0740802E,BEGON
VORDME,202839N,0720058E,BETKU
VORDME,192649N,0771533E,BEVSU
VORDME,223619N,0741317E,BODAR
VORDME,213629N,0772256E,DULAR
VORDME,224730N,0733517E,EGUGU
VORDME,205828N,0690639E,KARKU
VORDME,215331N,0763218E,LIPDU
VORDME,220414N,0755956E,MONPI
VORDME,205314N,0803857E,RUXAL
VORDME,240417N,0705959E,SASRO
VORDME,213042N,0774055E,UPTAR
VORDME,073306N,0863348E,ANSAS
VORDME,071639N,0820105E,BIDAN
VORDME,012639S,0845318E,DABAP
VORDME,021721N,0894622E,GUTOX
VORDME,072631N,0851829E,IDUDO
VORDME,020000S,0840936E,KADAP
VORDME,001839S,0862217E,KALOX
VORDME,012656N,0884025E,MATLU
VORDME,040029N,0920000E,NIXUL
VORDME,071330N,0810000E,POMAL
VORDME,073836N,0880154E,SULTO
VORDME,221809N,0890050E,AVPOP
VORDME,244647N,0874751E,BIKIK
VORDME,195456N,0864249E,BIXON
VORDME,200650N,0861016E,BOLUS
VORDME,165346N,0920000E,BORBU
VORDME,191104N,0883951E,BUBKO
VORDME,172425N,0903245E,DABEN
VORDME,171004N,0851822E,DOGEM
VORDME,205503N,0891216E,DOPID
VORDME,192533N,0841252E,DORIL
VORDME,202638N,0811454E,DOVIR
VORDME,201333N,0815954E,ELBAB
VORDME,220435N,0832810E,ENTAP
VORDME,205107N,0805532E,EPDAL
VORDME,212045N,0903250E,ESDOT
VORDME,264446N,0851852E,GOVKO
VORDME,161627N,0890521E,GUSTU
VORDME,185512N,0915949E,IBITA
VORDME,230402N,0820953E,IBUDA
VORDME,204303N,0815654E,IKOSI
VORDME,261941N,0853913E,IPLAS
VORDME,190704N,0851552E,ISMON
VORDME,171147N,0885716E,KASVI
VORDME,181708N,0875002E,LAMBU
VORDME,195433N,0860922E,LEMEX
VORDME,141505N,0915949E,LIBDI
VORDME,160100N,0901006E,MABUR
VORDME,252102N,0862616E,MONDA
VORDME,195356N,0825415E,NIPUX
VORDME,214026N,0835903E,NIXIG
VORDME,172130N,0843000E,OLSOR
VORDME,195944N,0860404E,ONATI
VORDME,203503N,0825723E,OPASA
VORDME,221103N,0831923E,OTABA
VORDME,175730N,0885035E,PAPVU
VORDME,241232N,0842722E,PUPAM
VORDME,153460N,0920000E,RINDA
VORDME,204739N,0812213E,SADEV
VORDME,175548N,0915949E,SAGOD
VORDME,185535N,0855119E,SANUG
VORDME,193720N,0862730E,TATUX
VORDME,244102N,0880150E,TEBID
VORDME,202504N,0915949E,TEBOV
VORDME,164412N,0870906E,URKOK
VORDME,253505N,0861509E,UXAGA
VORDME,212020N,0883151E,VETED
VORDME,231051N,0905926E,ADMIL
VORDME,225128N,0911707E,DAC75
VORDME,240707N,0893341E,IDLOX
VORDME,233013N,0904205E,KANDI
VORDME,235754N,0895905E,OLPAS
VORDME,223448N,0913214E,ONEKA
VORDME,232015N,0905101E,ONIVU
VORDME,215627N,0920637E,TANAP
VORDME,274346N,0774740E,GURTI
VORDME,274943N,0774248E,ITBAN
VORDME,260901N,0784855E,NOBOM
VORDME,270312N,0850408E,ROMEO
VORDME,193233N,0764956E,ASOGA
VORDME,191458N,0780730E,BUSBO
VORDME,074924N,0914036E,DUBTA
VORDME,121320N,0940150E,LADER
VORDME,183145N,0803450E,MEPIP
VORDME,180413N,0815954E,MEPOK
VORDME,114960N,0942500E,MIPAK
VORDME,135605N,0921949E,NISUN
VORDME,191743N,0775522E,NUSRU
VORDME,173000N,0835515E,POTAS
VORDME,075535N,0932950E,RUPTI
VORDME,074136N,0891942E,SADRI
VORDME,075842N,0942500E,SAMAK
VORDME,255651N,1222936E,AISAR
VORDME,253419N,1220120E,ANNNA
VORDME,223615N,1175716E,ANPOG
VORDME,253656N,1220441E,DRAKE
VORDME,221960N,1173000E,ELATO
VORDME,225718N,1183230E,KADLO
VORDME,261954N,1230000E,OSTAR
VORDME,244959N,1210440E,PIDGY
VORDME,240009N,1200539E,SWORD
VORDME,241204N,1201907E,WUCHI
VORDME,332152N,1352629E,ALBAT
VORDME,320830N,1313529E,FENIX
VORDME,325355N,1333359E,GREEN
VORDME,331456N,1345950E,HALON
VORDME,330343N,1341403E,JAKAL
VORDME,304629N,1291204E,JEDAI
VORDME,315410N,1310255E,JINGU
VORDME,312306N,1300641E,KAZAN
VORDME,311719N,1295753E,KOSHI
VORDME,285812N,1263445E,URUMA
VORDME,293513N,1272753E,AKVAS
VORDME,270530N,1240000E,BULAN
VORDME,273720N,1244314E,IGMON
VORDME,295154N,1275014E,RUSAR
VORDME,283813N,1260753E,SAPET
VORDME,121360N,1034242E,AKNAT
VORDME,134348N,1065912E,ANSAT
VORDME,110227N,1041231E,ATNAB
VORDME,093448N,1022106E,BASIT
VORDME,142154N,1034748E,BIDEM
VORDME,134632N,1060623E,BIKLI
VORDME,112922N,1030444E,DOXIB
VORDME,110637N,1055714E,ELMOP
VORDME,135005N,1040115E,EPKAP
VORDME,134000N,1073000E,GONLY
VORDME,134022N,1050507E,IDSET
VORDME,094855N,1023904E,IPLIS
VORDME,135041N,1033523E,ISVOD
VORDME,110418N,1054107E,KAKAD
VORDME,140549N,1054136E,NILIS
VORDME,102643N,1034635E,NUMDI
VORDME,142625N,1071146E,OGOPO
VORDME,133828N,1060655E,OSATI
VORDME,130530N,1031324E,RIMSO
VORDME,125125N,1042337E,RUPNI
VORDME,113654N,1030000E,SAKDA
VORDME,133130N,1060054E,TAREG
VORDME,110360N,1032039E,UDODA
VORDME,122734N,1035730E,UKMAL
VORDME,134628N,1065701E,UPLAT
VORDME,134225N,1034611E,UXARO
VORDME,135637N,1070946E,VEMKO
VORDME,134748N,1052554E,VIBUN
VORDME,112525N,1044658E,VINAS
VORDME,100224N,1025616E,XIVKA
VORDME,221310N,1140148E,BIGEX
VORDME,190000N,1123000E,IDOSI
VORDME,221746N,1154930E,MAGOG
VORDME,193514N,1014603E,ATVAM
VORDME,190518N,1021958E,BEGOM
VORDME,165121N,1051438E,ENBIL
VORDME,192545N,1020130E,IDVAT
VORDME,192536N,1033641E,NOHET
VORDME,202235N,1015826E,OSVER
VORDME,154600N,1071060E,PAPRA
VORDME,145204N,1062234E,SEKON
VORDME,191105N,1011548E,TOMIP
VORDME,172200N,1060460E,VILAO
VORDME,135860N,1072500E,ANINA
VORDME,163335N,1085823E,BINKU
VORDME,141960N,1072400E,BOMPA
VORDME,135958N,1075037E,DADEN
VORDME,174053N,1063543E,DONGI
VORDME,162115N,1083953E,KANGU
VORDME,202605N,1042350E,LAVOS
VORDME,105358N,1062746E,MOXEB
VORDME,140000N,1080913E,MUMGA
VORDME,215800N,1062936E,NAKHA
VORDME,175304N,1065544E,NIVEN
VORDME,155754N,1075306E,PATNO
VORDME,080006N,1031424E,SAMOG
VORDME,110112N,1061060E,SAPEN
VORDME,155412N,1073932E,TANNA
VORDME,091442N,1025018E,XONAN
VORDME,180412N,1071359E,XONUS
VORDME,162205N,0974747E,ARATO
VORDME,214003N,0922049E,AVLED
VORDME,132939N,0983128E,DALER
VORDME,191527N,0944215E,DORLI
VORDME,113737N,0993025E,EKAVO
VORDME,144034N,0975415E,KAKIP
VORDME,160638N,0941238E,KAMKO
VORDME,145637N,0974544E,KEVAM
VORDME,125224N,0952836E,LALIT
VORDME,170005N,0975247E,LATAD
VORDME,164947N,0982949E,MAKAS
VORDME,182704N,0952648E,NIVOG
VORDME,115407N,0962331E,OBMOG
VORDME,181804N,0950848E,OTADA
VORDME,100007N,0981719E,PADET
VORDME,152635N,0972947E,POXEM
VORDME,155505N,0973247E,PUMEK
VORDME,132600N,0981302E,RENOX
VORDME,152541N,0923752E,SADUS
VORDME,194804N,0980243E,SISUK
VORDME,183446N,0944326E,SUMSU
VORDME,100000N,0963300E,TAVUN
VORDME,054259N,1001241E,GOGOM
VORDME,011207N,1035349E,AVPIV
VORDME,052152N,0934715E,BEDAX
VORDME,010326N,1041147E,IRTAD
VORDME,030841N,1011309E,AGOSA
VORDME,013654N,1030712E,ARAMA
VORDME,021000N,1020460E,BATAR
VORDME,032043N,1010739E,BILIK
VORDME,034814N,1011903E,DAKUS
VORDME,062808N,0993920E,DALAN
VORDME,073856N,0973109E,DUKUN
VORDME,021757N,1020015E,DUMOK
VORDME,022222N,1021816E,ENKOL
VORDME,053232N,1023346E,GUGIT
VORDME,045203N,1024956E,GUNBO
VORDME,020948N,1023830E,GUPTA
VORDME,054703N,1003057E,GUTEB
VORDME,080017N,0953017E,IDKUT
VORDME,061409N,0950451E,IGEBO
VORDME,061556N,1021542E,KADAX
VORDME,062940N,1003121E,KARMI
VORDME,051219N,1024153E,LASOB
VORDME,071632N,0965243E,LEKIR
VORDME,012729N,1032450E,LELIB
VORDME,031430N,1040554E,MANIM
VORDME,080330N,0971256E,MAPSO
VORDME,020248N,1025251E,MASBO
VORDME,012037N,1033746E,MASNI
VORDME,064523N,0955835E,NILAM
VORDME,031153N,1040538E,OBDAB
VORDME,015850N,1022608E,OGAKO
VORDME,052054N,1023825E,PALNO
VORDME,061529N,1020431E,PASVA
VORDME,060000N,0944000E,POVUS
VORDME,064228N,1001504E,RIGTO
VORDME,052214N,1004460E,RINBA
VORDME,074616N,0974257E,RUSET
VORDME,015051N,1031713E,SABKA
VORDME,063510N,0954009E,SANOB
VORDME,080434N,0973260E,SAPAM
VORDME,023210N,1020230E,SAPAT
VORDME,033525N,1010112E,SUKAT
VORDME,041013N,1004533E,TEPUS
VORDME,014412N,1025330E,TOPOR
VORDME,045224N,1041442E,ENREP
VORDME,065612N,1033506E,IGARI
VORDME,055338N,1035509E,IKUMI
VORDME,063614N,1030129E,ODONO
VORDME,033647N,1040752E,UGPEK
VORDME,060903N,1032040E,UPRON
VORDME,032505N,1040647E,URIGO
VORDME,055430S,0790000E,KABTA
VORDME,012954N,1032024E,SJ35
